id,facility_type,target_facility_name,road_name,address,latitude,hardness,organization_name,police_station_name,whether_install,count_install,base_date
,초등학교,삼육초등학교,대전광역시 서구 도림1길15,대전광역시 서구 도마동 526,36.31187749,127.3724191,대전광역시 서구청,서부경찰서,Y,1,2022-04-27
,초등학교,삼육초등학교,대전광역시 서구 도림1길15,대전광역시 서구 도마동 526,36.31187749,127.3724191,대전광역시 서구청,서부경찰서,Y,1,2022-04-27
,초등학교,삼육초등학교,대전광역시 서구 도림1길15,대전광역시 서구 도마동 526,36.31187749,127.3724191,대전광역시 서구청,서부경찰서,Y,1,2022-04-27
,초등학교,서부초등학교,대전광역시 서구 동서대로968,대전광역시 서구 변동 254-439,36.33352893,127.3692662,대전광역시 서구청,서부경찰서,Y,1,2022-04-27
,초등학교,서부초등학교,대전광역시 서구 동서대로968,대전광역시 서구 변동 254-439,36.33352893,127.3692662,대전광역시 서구청,서부경찰서,Y,1,2022-04-27
,초등학교,서부초등학교,대전광역시 서구 동서대로968,대전광역시 서구 변동 254-439,36.33352893,127.3692662,대전광역시 서구청,서부경찰서,Y,1,2022-04-27
,유치원,관저초교병설,대전광역시 서구 관저동로161,,36.30656059,127.339971,대전광역시 서구청,서부경찰서,N,0,2022-04-27
,유치원,관저초교병설,대전광역시 서구 관저동로161,,36.30656059,127.339971,대전광역시 서구청,서부경찰서,N,0,2022-04-27
,유치원,관저초교병설,대전광역시 서구 관저동로161,,36.30656059,127.339971,대전광역시 서구청,서부경찰서,N,0,2022-04-27
,초등학교,갑천초등학교,대전광역시 서구 월평동로61,대전광역시 서구 월평동 308,36.36083455,127.3676905,대전광역시 서구청,둔산경찰서,Y,2,2022-04-27
,초등학교,갑천초등학교,대전광역시 서구 월평동로61,대전광역시 서구 월평동 308,36.36083455,127.3676905,대전광역시 서구청,둔산경찰서,Y,2,2022-04-27
,초등학교,갑천초등학교,대전광역시 서구 월평동로61,대전광역시 서구 월평동 308,36.36083455,127.3676905,대전광역시 서구청,둔산경찰서,Y,2,2022-04-27
,초등학교,둔산초등학교,대전광역시 서구 둔산로74번길20,대전광역시 서구 둔산동 1205,36.34992386,127.3813748,대전광역시 서구청,둔산경찰서,Y,2,2022-04-27
,초등학교,둔산초등학교,대전광역시 서구 둔산로74번길20,대전광역시 서구 둔산동 1205,36.34992386,127.3813748,대전광역시 서구청,둔산경찰서,Y,2,2022-04-27
,초등학교,둔산초등학교,대전광역시 서구 둔산로74번길20,대전광역시 서구 둔산동 1205,36.34992386,127.3813748,대전광역시 서구청,둔산경찰서,Y,2,2022-04-27
,초등학교,성천초등학교,대전광역시 서구 갈마역로139,대전광역시 서구 월평동 221,36.36319395,127.373481,대전광역시 서구청,둔산경찰서,Y,2,2022-04-27
,초등학교,성천초등학교,대전광역시 서구 갈마역로139,대전광역시 서구 월평동 221,36.36319395,127.373481,대전광역시 서구청,둔산경찰서,Y,2,2022-04-27
,초등학교,성천초등학교,대전광역시 서구 갈마역로139,대전광역시 서구 월평동 221,36.36319395,127.373481,대전광역시 서구청,둔산경찰서,Y,2,2022-04-27
,초등학교,정림초등학교,대전광역시 서구 정림로32,대전광역시 서구 정림동 324,36.30354394,127.366553,대전광역시 서구청,서부경찰서,Y,2,2022-04-27
,초등학교,정림초등학교,대전광역시 서구 정림로32,대전광역시 서구 정림동 324,36.30354394,127.366553,대전광역시 서구청,서부경찰서,Y,2,2022-04-27
,초등학교,정림초등학교,대전광역시 서구 정림로32,대전광역시 서구 정림동 324,36.30354394,127.366553,대전광역시 서구청,서부경찰서,Y,2,2022-04-27
,초등학교,가수원초등학교,대전광역시 서구 벌곡로 1359,대전광역시 서구 가수원동 471,36.30239371,127.3530021,대전광역시 서구청,서부경찰서,Y,1,2022-04-27
,초등학교,가수원초등학교,대전광역시 서구 벌곡로 1359,대전광역시 서구 가수원동 471,36.30239371,127.3530021,대전광역시 서구청,서부경찰서,Y,1,2022-04-27
,초등학교,가수원초등학교,대전광역시 서구 벌곡로 1359,대전광역시 서구 가수원동 471,36.30239371,127.3530021,대전광역시 서구청,서부경찰서,Y,1,2022-04-27
,초등학교,서원초등학교,대전광역시 서구 문정로279,대전광역시 서구 둔산동 1520,36.35962823,127.3939618,대전광역시 서구청,둔산경찰서,Y,1,2022-04-27
,초등학교,서원초등학교,대전광역시 서구 문정로279,대전광역시 서구 둔산동 1520,36.35962823,127.3939618,대전광역시 서구청,둔산경찰서,Y,1,2022-04-27
,초등학교,서원초등학교,대전광역시 서구 문정로279,대전광역시 서구 둔산동 1520,36.35962823,127.3939618,대전광역시 서구청,둔산경찰서,Y,1,2022-04-27
,초등학교,월평초등학교,대전광역시 서구 월평서로22,,36.35594353,127.3577706,대전광역시 서구청,둔산경찰서,Y,1,2022-04-27
,초등학교,월평초등학교,대전광역시 서구 월평서로22,,36.35594353,127.3577706,대전광역시 서구청,둔산경찰서,Y,1,2022-04-27
,초등학교,월평초등학교,대전광역시 서구 월평서로22,,36.35594353,127.3577706,대전광역시 서구청,둔산경찰서,Y,1,2022-04-27
,초등학교,봉산초등학교,대전광역시 서구 신갈마로141번길45,대전광역시 서구 갈마동 389,36.34527951,127.3652655,대전광역시 서구청,둔산경찰서,Y,1,2022-04-27
,초등학교,봉산초등학교,대전광역시 서구 신갈마로141번길45,대전광역시 서구 갈마동 389,36.34527951,127.3652655,대전광역시 서구청,둔산경찰서,Y,1,2022-04-27
,초등학교,봉산초등학교,대전광역시 서구 신갈마로141번길45,대전광역시 서구 갈마동 389,36.34527951,127.3652655,대전광역시 서구청,둔산경찰서,Y,1,2022-04-27
,초등학교,내동초등학교,대전광역시 서구 동서대로1063번길13,대전광역시 서구 내동 13-1,36.33114635,127.3792397,대전광역시 서구청,서부경찰서,Y,2,2022-04-27
,초등학교,내동초등학교,대전광역시 서구 동서대로1063번길13,대전광역시 서구 내동 13-1,36.33114635,127.3792397,대전광역시 서구청,서부경찰서,Y,2,2022-04-27
,초등학교,내동초등학교,대전광역시 서구 동서대로1063번길13,대전광역시 서구 내동 13-1,36.33114635,127.3792397,대전광역시 서구청,서부경찰서,Y,2,2022-04-27
,초등학교,도마초등학교,대전광역시 서구 도솔로175번길28,대전광역시 서구 도마동 27,36.32641679,127.3724151,대전광역시 서구청,서부경찰서,Y,1,2022-04-27
,초등학교,도마초등학교,대전광역시 서구 도솔로175번길28,대전광역시 서구 도마동 27,36.32641679,127.3724151,대전광역시 서구청,서부경찰서,Y,1,2022-04-27
,초등학교,도마초등학교,대전광역시 서구 도솔로175번길28,대전광역시 서구 도마동 27,36.32641679,127.3724151,대전광역시 서구청,서부경찰서,Y,1,2022-04-27
,초등학교,복수초등학교,대전광역시 서구 복수북로67,대전광역시 서구 복수동 274-6,36.30831638,127.3772807,대전광역시 서구청,서부경찰서,Y,1,2022-04-27
,초등학교,복수초등학교,대전광역시 서구 복수북로67,대전광역시 서구 복수동 274-6,36.30831638,127.3772807,대전광역시 서구청,서부경찰서,Y,1,2022-04-27
,초등학교,복수초등학교,대전광역시 서구 복수북로67,대전광역시 서구 복수동 274-6,36.30831638,127.3772807,대전광역시 서구청,서부경찰서,Y,1,2022-04-27
,초등학교,한밭초등학교,대전광역시 서구 문정로221,대전광역시 서구 둔산동 1386,36.35427285,127.3942275,대전광역시 서구청,둔산경찰서,Y,2,2022-04-27
,초등학교,한밭초등학교,대전광역시 서구 문정로221,대전광역시 서구 둔산동 1386,36.35427285,127.3942275,대전광역시 서구청,둔산경찰서,Y,2,2022-04-27
,초등학교,한밭초등학교,대전광역시 서구 문정로221,대전광역시 서구 둔산동 1386,36.35427285,127.3942275,대전광역시 서구청,둔산경찰서,Y,2,2022-04-27
,초등학교,둔천초등학교,대전광역시 서구 만년로3,,36.368403,127.373939,대전광역시 서구청,둔산경찰서,Y,2,2022-04-27
,초등학교,둔천초등학교,대전광역시 서구 만년로3,,36.368403,127.373939,대전광역시 서구청,둔산경찰서,Y,2,2022-04-27
,초등학교,둔천초등학교,대전광역시 서구 만년로3,,36.368403,127.373939,대전광역시 서구청,둔산경찰서,Y,2,2022-04-27
,초등학교,만년초등학교,대전광역시 서구 만년동 280,대전광역시 서구 만년동 280,36.36719119,127.3772193,대전광역시 서구청,둔산경찰서,Y,2,2022-04-27
,초등학교,만년초등학교,대전광역시 서구 만년동 280,대전광역시 서구 만년동 280,36.36719119,127.3772193,대전광역시 서구청,둔산경찰서,Y,2,2022-04-27
,초등학교,만년초등학교,대전광역시 서구 만년동 280,대전광역시 서구 만년동 280,36.36719119,127.3772193,대전광역시 서구청,둔산경찰서,Y,2,2022-04-27
,초등학교,성룡초등학교,대전광역시 서구 갈마역로125,,36.36182488,127.373585,대전광역시 서구청,둔산경찰서,Y,5,2022-04-27
,초등학교,성룡초등학교,대전광역시 서구 갈마역로125,,36.36182488,127.373585,대전광역시 서구청,둔산경찰서,Y,5,2022-04-27
,초등학교,성룡초등학교,대전광역시 서구 갈마역로125,,36.36182488,127.373585,대전광역시 서구청,둔산경찰서,Y,5,2022-04-27
,초등학교,갈마초등학교,대전광역시 서구 월평동로2,대전광역시 서구 갈마동 114-2,36.3559131,127.3689723,대전광역시 서구청,둔산경찰서,Y,3,2022-04-27
,초등학교,갈마초등학교,대전광역시 서구 월평동로2,대전광역시 서구 갈마동 114-2,36.3559131,127.3689723,대전광역시 서구청,둔산경찰서,Y,3,2022-04-27
,초등학교,갈마초등학교,대전광역시 서구 월평동로2,대전광역시 서구 갈마동 114-2,36.3559131,127.3689723,대전광역시 서구청,둔산경찰서,Y,3,2022-04-27
,초등학교,삼천초등학교,대전광역시 서구 둔산북로232-33,,36.35436795,127.4010169,대전광역시 서구청,둔산경찰서,Y,1,2022-04-27
,초등학교,삼천초등학교,대전광역시 서구 둔산북로232-33,,36.35436795,127.4010169,대전광역시 서구청,둔산경찰서,Y,1,2022-04-27
,초등학교,삼천초등학교,대전광역시 서구 둔산북로232-33,,36.35436795,127.4010169,대전광역시 서구청,둔산경찰서,Y,1,2022-04-27
,유치원,산성유치원,대전광역시 서구 동서대로 1063번길 14-26,대전광역시 서구 내동 12-4,36.329789,127.3806297,대전광역시 서구청,서부경찰서,N,0,2022-04-27
,유치원,산성유치원,대전광역시 서구 동서대로 1063번길 14-26,대전광역시 서구 내동 12-4,36.329789,127.3806297,대전광역시 서구청,서부경찰서,N,0,2022-04-27
,유치원,산성유치원,대전광역시 서구 동서대로 1063번길 14-26,대전광역시 서구 내동 12-4,36.329789,127.3806297,대전광역시 서구청,서부경찰서,N,0,2022-04-27
,초등학교,가장초등학교,대전광역시 서구 가장로150,,36.3306395,127.3878689,대전광역시 서구청,서부경찰서,Y,3,2022-04-27
,초등학교,가장초등학교,대전광역시 서구 가장로150,,36.3306395,127.3878689,대전광역시 서구청,서부경찰서,Y,3,2022-04-27
,초등학교,가장초등학교,대전광역시 서구 가장로150,,36.3306395,127.3878689,대전광역시 서구청,서부경찰서,Y,3,2022-04-27
,초등학교,탄방초등학교,대전광역시 서구 탄방로15,대전광역시 서구 탄방동 814,36.34604186,127.3909975,대전광역시 서구청,둔산경찰서,Y,1,2022-04-27
,초등학교,탄방초등학교,대전광역시 서구 탄방로15,대전광역시 서구 탄방동 814,36.34604186,127.3909975,대전광역시 서구청,둔산경찰서,Y,1,2022-04-27
,초등학교,탄방초등학교,대전광역시 서구 탄방로15,대전광역시 서구 탄방동 814,36.34604186,127.3909975,대전광역시 서구청,둔산경찰서,Y,1,2022-04-27
,초등학교,둔원초등학교,대전광역시 서구 대덕대로112번길10,대전광역시 서구 갈마동 1417,36.34309047,127.374989,대전광역시 서구청,둔산경찰서,Y,3,2022-04-27
,초등학교,둔원초등학교,대전광역시 서구 대덕대로112번길10,대전광역시 서구 갈마동 1417,36.34309047,127.374989,대전광역시 서구청,둔산경찰서,Y,3,2022-04-27
,초등학교,둔원초등학교,대전광역시 서구 대덕대로112번길10,대전광역시 서구 갈마동 1417,36.34309047,127.374989,대전광역시 서구청,둔산경찰서,Y,3,2022-04-27
,초등학교,문정초등학교,대전광역시 서구 문정로180,,36.35037915,127.396215,대전광역시 서구청,둔산경찰서,Y,3,2022-04-27
,초등학교,문정초등학교,대전광역시 서구 문정로180,,36.35037915,127.396215,대전광역시 서구청,둔산경찰서,Y,3,2022-04-27
,초등학교,문정초등학교,대전광역시 서구 문정로180,,36.35037915,127.396215,대전광역시 서구청,둔산경찰서,Y,3,2022-04-27
,초등학교,샘머리초교,대전광역시 서구 유등로879,,36.36339827,127.3932548,대전광역시 서구청,둔산경찰서,Y,1,2022-04-27
,초등학교,샘머리초교,대전광역시 서구 유등로879,,36.36339827,127.3932548,대전광역시 서구청,둔산경찰서,Y,1,2022-04-27
,초등학교,샘머리초교,대전광역시 서구 유등로879,,36.36339827,127.3932548,대전광역시 서구청,둔산경찰서,Y,1,2022-04-27
,초등학교,백운초등학교,대전광역시 서구 계룡로576번길56,,36.34084703,127.3844708,대전광역시 서구청,서부경찰서,Y,1,2022-04-27
,초등학교,백운초등학교,대전광역시 서구 계룡로576번길56,,36.34084703,127.3844708,대전광역시 서구청,서부경찰서,Y,1,2022-04-27
,초등학교,백운초등학교,대전광역시 서구 계룡로576번길56,,36.34084703,127.3844708,대전광역시 서구청,서부경찰서,Y,1,2022-04-27
,초등학교,관저초등학교,대전광역시 서구 관저동로161,,36.30656059,127.339971,대전광역시 서구청,서부경찰서,N,0,2022-04-27
,초등학교,관저초등학교,대전광역시 서구 관저동로161,,36.30656059,127.339971,대전광역시 서구청,서부경찰서,N,0,2022-04-27
,초등학교,관저초등학교,대전광역시 서구 관저동로161,,36.30656059,127.339971,대전광역시 서구청,서부경찰서,N,0,2022-04-27
,초등학교,변동초등학교,대전광역시 서구 유등로373,대전광역시 서구 변동 36-3,36.32497415,127.3856136,대전광역시 서구청,서부경찰서,Y,3,2022-04-27
,초등학교,변동초등학교,대전광역시 서구 유등로373,대전광역시 서구 변동 36-3,36.32497415,127.3856136,대전광역시 서구청,서부경찰서,Y,3,2022-04-27
,초등학교,변동초등학교,대전광역시 서구 유등로373,대전광역시 서구 변동 36-3,36.32497415,127.3856136,대전광역시 서구청,서부경찰서,Y,3,2022-04-27
,초등학교,기성초등학교,대전광역시 서구 기성초교길 52,,36.248647,127.339427,대전광역시 서구청,서부경찰서,Y,1,2022-04-27
,초등학교,기성초등학교,대전광역시 서구 기성초교길 52,,36.248647,127.339427,대전광역시 서구청,서부경찰서,Y,1,2022-04-27
,초등학교,기성초등학교,대전광역시 서구 기성초교길 52,,36.248647,127.339427,대전광역시 서구청,서부경찰서,Y,1,2022-04-27
,초등학교,금동초등학교,대전광역시 서구 관저로45,대전광역시 서구 관저동 1141,36.29821685,127.3263759,대전광역시 서구청,서부경찰서,N,0,2022-04-27
,초등학교,금동초등학교,대전광역시 서구 관저로45,대전광역시 서구 관저동 1141,36.29821685,127.3263759,대전광역시 서구청,서부경찰서,N,0,2022-04-27
,초등학교,금동초등학교,대전광역시 서구 관저로45,대전광역시 서구 관저동 1141,36.29821685,127.3263759,대전광역시 서구청,서부경찰서,N,0,2022-04-27
,초등학교,구봉초등학교,대전광역시 서구 관저로75,대전광역시 서구 관저동 1133,36.299795,127.3300549,대전광역시 서구청,서부경찰서,Y,2,2022-04-27
,초등학교,구봉초등학교,대전광역시 서구 관저로75,대전광역시 서구 관저동 1133,36.299795,127.3300549,대전광역시 서구청,서부경찰서,Y,2,2022-04-27
,초등학교,구봉초등학교,대전광역시 서구 관저로75,대전광역시 서구 관저동 1133,36.299795,127.3300549,대전광역시 서구청,서부경찰서,Y,2,2022-04-27
,초등학교,선암초등학교,대전광역시 서구 관저중로61,대전광역시 서구 관저동 1152,36.297492,127.3340399,대전광역시 서구청,서부경찰서,N,0,2022-04-27
,초등학교,선암초등학교,대전광역시 서구 관저중로61,대전광역시 서구 관저동 1152,36.297492,127.3340399,대전광역시 서구청,서부경찰서,N,0,2022-04-27
,초등학교,선암초등학교,대전광역시 서구 관저중로61,대전광역시 서구 관저동 1152,36.297492,127.3340399,대전광역시 서구청,서부경찰서,N,0,2022-04-27
,초등학교,수미초등학교,대전광역시 서구 괴곡길42,대전광역시 서구 괴곡동 361-2,36.29528588,127.3615429,대전광역시 서구청,서부경찰서,Y,2,2022-04-27
,초등학교,수미초등학교,대전광역시 서구 괴곡길42,대전광역시 서구 괴곡동 361-2,36.29528588,127.3615429,대전광역시 서구청,서부경찰서,Y,2,2022-04-27
,초등학교,수미초등학교,대전광역시 서구 괴곡길42,대전광역시 서구 괴곡동 361-2,36.29528588,127.3615429,대전광역시 서구청,서부경찰서,Y,2,2022-04-27
,초등학교,원앙초등학교,대전광역시 서구 관저북로 97,대전광역시 유성구 대정동 37-23,36.31153929,127.3371345,대전광역시 서구청,서부경찰서,Y,1,2022-04-27
,초등학교,원앙초등학교,대전광역시 서구 관저북로 97,대전광역시 유성구 대정동 37-23,36.31153929,127.3371345,대전광역시 서구청,서부경찰서,Y,1,2022-04-27
,초등학교,원앙초등학교,대전광역시 서구 관저북로 97,대전광역시 유성구 대정동 37-23,36.31153929,127.3371345,대전광역시 서구청,서부경찰서,Y,1,2022-04-27
,초등학교,유천초등학교,대전광역시 서구 제비네6길 69,대전광역시 서구 도마동 149-1,36.315237,127.375594,대전광역시 서구청,서부경찰서,Y,2,2022-04-27
,초등학교,유천초등학교,대전광역시 서구 제비네6길 69,대전광역시 서구 도마동 149-1,36.315237,127.375594,대전광역시 서구청,서부경찰서,Y,2,2022-04-27
,초등학교,유천초등학교,대전광역시 서구 제비네6길 69,대전광역시 서구 도마동 149-1,36.315237,127.375594,대전광역시 서구청,서부경찰서,Y,2,2022-04-27
,초등학교,느리울초등학교,대전광역시 서구 관저로196,대전광역시 서구 관저동 1396,36.29888811,127.3442527,대전광역시 서구청,서부경찰서,Y,3,2022-04-27
,초등학교,느리울초등학교,대전광역시 서구 관저로196,대전광역시 서구 관저동 1396,36.29888811,127.3442527,대전광역시 서구청,서부경찰서,Y,3,2022-04-27
,초등학교,느리울초등학교,대전광역시 서구 관저로196,대전광역시 서구 관저동 1396,36.29888811,127.3442527,대전광역시 서구청,서부경찰서,Y,3,2022-04-27
,유치원,한양유치원,대전광역시 서구 계룡로571번길 65,,36.3438214,127.3867481,대전광역시 서구청,둔산경찰서,Y,1,2022-04-27
,유치원,한양유치원,대전광역시 서구 계룡로571번길 65,,36.3438214,127.3867481,대전광역시 서구청,둔산경찰서,Y,1,2022-04-27
,유치원,한양유치원,대전광역시 서구 계룡로571번길 65,,36.3438214,127.3867481,대전광역시 서구청,둔산경찰서,Y,1,2022-04-27
,유치원,명화유치원,대전광역시 서구 조달청길 180,대전광역시 서구 도마동 499,36.31891137,127.3819942,대전광역시 서구청,서부경찰서,Y,1,2022-04-27
,유치원,명화유치원,대전광역시 서구 조달청길 180,대전광역시 서구 도마동 499,36.31891137,127.3819942,대전광역시 서구청,서부경찰서,Y,1,2022-04-27
,유치원,명화유치원,대전광역시 서구 조달청길 180,대전광역시 서구 도마동 499,36.31891137,127.3819942,대전광역시 서구청,서부경찰서,Y,1,2022-04-27
,유치원,무지개유치원,대전광역시 서구 도솔로 173,대전광역시 서구 도마동 19-1,36.32611831,127.3736692,대전광역시 서구청,서부경찰서,Y,1,2022-04-27
,유치원,무지개유치원,대전광역시 서구 도솔로 173,대전광역시 서구 도마동 19-1,36.32611831,127.3736692,대전광역시 서구청,서부경찰서,Y,1,2022-04-27
,유치원,무지개유치원,대전광역시 서구 도솔로 173,대전광역시 서구 도마동 19-1,36.32611831,127.3736692,대전광역시 서구청,서부경찰서,Y,1,2022-04-27
,유치원,옥토유치원,대전광역시 서구 정림로 11,,36.30199716,127.3654013,대전광역시 서구청,서부경찰서,Y,2,2022-04-27
,유치원,옥토유치원,대전광역시 서구 정림로 11,,36.30199716,127.3654013,대전광역시 서구청,서부경찰서,Y,2,2022-04-27
,유치원,옥토유치원,대전광역시 서구 정림로 11,,36.30199716,127.3654013,대전광역시 서구청,서부경찰서,Y,2,2022-04-27
,유치원,느리울유치원,대전광역시 서구 구봉로 147번길 64,대전광역시 서구 관저동 1342,36.299256,127.338673,대전광역시 서구청,서부경찰서,Y,1,2022-04-27
,유치원,느리울유치원,대전광역시 서구 구봉로 147번길 64,대전광역시 서구 관저동 1342,36.299256,127.338673,대전광역시 서구청,서부경찰서,Y,1,2022-04-27
,유치원,느리울유치원,대전광역시 서구 구봉로 147번길 64,대전광역시 서구 관저동 1342,36.299256,127.338673,대전광역시 서구청,서부경찰서,Y,1,2022-04-27
,유치원,행복한유치원,대전광역시 서구 복수서로 10,,36.30527814,127.373487,대전광역시 서구청,둔산경찰서,Y,1,2022-04-27
,유치원,행복한유치원,대전광역시 서구 복수서로 10,,36.30527814,127.373487,대전광역시 서구청,둔산경찰서,Y,1,2022-04-27
,유치원,행복한유치원,대전광역시 서구 복수서로 10,,36.30527814,127.373487,대전광역시 서구청,둔산경찰서,Y,1,2022-04-27
,유치원,하이캠유치원,대전광역시 서구 계룡로325번길 16,대전광역시 서구 월평동 808,36.355112,127.3654944,대전광역시 서구청,둔산경찰서,Y,1,2022-04-27
,유치원,하이캠유치원,대전광역시 서구 계룡로325번길 16,대전광역시 서구 월평동 808,36.355112,127.3654944,대전광역시 서구청,둔산경찰서,Y,1,2022-04-27
,유치원,하이캠유치원,대전광역시 서구 계룡로325번길 16,대전광역시 서구 월평동 808,36.355112,127.3654944,대전광역시 서구청,둔산경찰서,Y,1,2022-04-27
,초등학교,길헌분교,대전광역시 서구 당고개길 48,,36.241794,127.3163407,대전광역시 서구청,서부경찰서,Y,1,2022-04-27
,초등학교,길헌분교,대전광역시 서구 당고개길 48,,36.241794,127.3163407,대전광역시 서구청,서부경찰서,Y,1,2022-04-27
,초등학교,길헌분교,대전광역시 서구 당고개길 48,,36.241794,127.3163407,대전광역시 서구청,서부경찰서,Y,1,2022-04-27
,초등학교,신계초등학교,대전광역시 서구 복수동로 26,대전광역시 서구 복수동 452,36.30192827,127.3780501,대전광역시 서구청,서부경찰서,Y,2,2022-04-27
,초등학교,신계초등학교,대전광역시 서구 복수동로 26,대전광역시 서구 복수동 452,36.30192827,127.3780501,대전광역시 서구청,서부경찰서,Y,2,2022-04-27
,초등학교,신계초등학교,대전광역시 서구 복수동로 26,대전광역시 서구 복수동 452,36.30192827,127.3780501,대전광역시 서구청,서부경찰서,Y,2,2022-04-27
,어린이집,다예린어린이집,대전광역시 서구 도솔로 267번길 8,,36.3337525,127.3789739,대전광역시 서구청,서부경찰서,Y,1,2022-04-27
,어린이집,다예린어린이집,대전광역시 서구 도솔로 267번길 8,,36.3337525,127.3789739,대전광역시 서구청,서부경찰서,Y,1,2022-04-27
,어린이집,다예린어린이집,대전광역시 서구 도솔로 267번길 8,,36.3337525,127.3789739,대전광역시 서구청,서부경찰서,Y,1,2022-04-27
,유치원,예림유치원,대전광역시 서구 탄방로 65,대전광역시 서구 탄방동 59-14,36.34299566,127.3946282,대전광역시 서구청,둔산경찰서,Y,1,2022-04-27
,유치원,예림유치원,대전광역시 서구 탄방로 65,대전광역시 서구 탄방동 59-14,36.34299566,127.3946282,대전광역시 서구청,둔산경찰서,Y,1,2022-04-27
,유치원,예림유치원,대전광역시 서구 탄방로 65,대전광역시 서구 탄방동 59-14,36.34299566,127.3946282,대전광역시 서구청,둔산경찰서,Y,1,2022-04-27
,유치원,다모아유치원,대전광역시 서구 월평동로 83,대전광역시 서구 월평동 311-1,36.36117432,127.3663032,대전광역시 서구청,둔산경찰서,Y,1,2022-04-27
,유치원,다모아유치원,대전광역시 서구 월평동로 83,대전광역시 서구 월평동 311-1,36.36117432,127.3663032,대전광역시 서구청,둔산경찰서,Y,1,2022-04-27
,유치원,다모아유치원,대전광역시 서구 월평동로 83,대전광역시 서구 월평동 311-1,36.36117432,127.3663032,대전광역시 서구청,둔산경찰서,Y,1,2022-04-27
,유치원,은아유치원,대전광역시 서구 가수원로 72,대전광역시 서구 가수원동 769-2,36.30232905,127.3521923,대전광역시 서구청,서부경찰서,Y,1,2022-04-27
,유치원,은아유치원,대전광역시 서구 가수원로 72,대전광역시 서구 가수원동 769-2,36.30232905,127.3521923,대전광역시 서구청,서부경찰서,Y,1,2022-04-27
,유치원,은아유치원,대전광역시 서구 가수원로 72,대전광역시 서구 가수원동 769-2,36.30232905,127.3521923,대전광역시 서구청,서부경찰서,Y,1,2022-04-27
,유치원,평화유치원,대전광역시 서구 월평중로13번길 53,,36.35552364,127.360709,대전광역시 서구청,둔산경찰서,Y,1,2022-04-27
,유치원,평화유치원,대전광역시 서구 월평중로13번길 53,,36.35552364,127.360709,대전광역시 서구청,둔산경찰서,Y,1,2022-04-27
,유치원,평화유치원,대전광역시 서구 월평중로13번길 53,,36.35552364,127.360709,대전광역시 서구청,둔산경찰서,Y,1,2022-04-27
,어린이집,돌샘어린이집,대전광역시 서구 계백로1300번길 124,대전광역시 서구 정림동 19-3,36.30309667,127.3692511,대전광역시 서구청,서부경찰서,Y,2,2022-04-27
,어린이집,돌샘어린이집,대전광역시 서구 계백로1300번길 124,대전광역시 서구 정림동 19-3,36.30309667,127.3692511,대전광역시 서구청,서부경찰서,Y,2,2022-04-27
,어린이집,돌샘어린이집,대전광역시 서구 계백로1300번길 124,대전광역시 서구 정림동 19-3,36.30309667,127.3692511,대전광역시 서구청,서부경찰서,Y,2,2022-04-27
,어린이집,대전시립어린이집,대전광역시 서구 신갈마로195번길 51,대전광역시 서구 갈마동 321-1,36.35065165,127.364982,대전광역시 서구청,둔산경찰서,Y,1,2022-04-27
,어린이집,대전시립어린이집,대전광역시 서구 신갈마로195번길 51,대전광역시 서구 갈마동 321-1,36.35065165,127.364982,대전광역시 서구청,둔산경찰서,Y,1,2022-04-27
,어린이집,대전시립어린이집,대전광역시 서구 신갈마로195번길 51,대전광역시 서구 갈마동 321-1,36.35065165,127.364982,대전광역시 서구청,둔산경찰서,Y,1,2022-04-27
,어린이집,물댄동산어린이집,대전광역시 서구 계룡로416번길 28,,36.348895,127.372887,대전광역시 서구청,둔산경찰서,Y,1,2022-04-27
,어린이집,물댄동산어린이집,대전광역시 서구 계룡로416번길 28,,36.348895,127.372887,대전광역시 서구청,둔산경찰서,Y,1,2022-04-27
,어린이집,물댄동산어린이집,대전광역시 서구 계룡로416번길 28,,36.348895,127.372887,대전광역시 서구청,둔산경찰서,Y,1,2022-04-27
,어린이집,둔산큰별어린이집,대전광역시 서구 도솔로 454,,36.343706,127.394233,대전광역시 서구청,둔산경찰서,Y,1,2022-04-27
,어린이집,둔산큰별어린이집,대전광역시 서구 도솔로 454,,36.343706,127.394233,대전광역시 서구청,둔산경찰서,Y,1,2022-04-27
,어린이집,둔산큰별어린이집,대전광역시 서구 도솔로 454,,36.343706,127.394233,대전광역시 서구청,둔산경찰서,Y,1,2022-04-27
,어린이집,푸르니어린이집,대전광역시 서구 정림로10번길 41,,36.302331,127.3684144,대전광역시 서구청,서부경찰서,Y,1,2022-04-27
,어린이집,푸르니어린이집,대전광역시 서구 정림로10번길 41,,36.302331,127.3684144,대전광역시 서구청,서부경찰서,Y,1,2022-04-27
,어린이집,푸르니어린이집,대전광역시 서구 정림로10번길 41,,36.302331,127.3684144,대전광역시 서구청,서부경찰서,Y,1,2022-04-27
,어린이집,키즈아일랜드어린이집,대전광역시 서구 유등로17번길 78,대전광역시 서구 복수동 737,36.29740469,127.375997,대전광역시 서구청,서부경찰서,Y,1,2022-04-27
,어린이집,키즈아일랜드어린이집,대전광역시 서구 유등로17번길 78,대전광역시 서구 복수동 737,36.29740469,127.375997,대전광역시 서구청,서부경찰서,Y,1,2022-04-27
,어린이집,키즈아일랜드어린이집,대전광역시 서구 유등로17번길 78,대전광역시 서구 복수동 737,36.29740469,127.375997,대전광역시 서구청,서부경찰서,Y,1,2022-04-27
,어린이집,소야어린이집,대전광역시 서구 유등로43번길 6-13,대전광역시 서구 복수동 705,36.297945,127.380978,대전광역시 서구청,서부경찰서,Y,1,2022-04-27
,어린이집,소야어린이집,대전광역시 서구 유등로43번길 6-13,대전광역시 서구 복수동 705,36.297945,127.380978,대전광역시 서구청,서부경찰서,Y,1,2022-04-27
,어린이집,소야어린이집,대전광역시 서구 유등로43번길 6-13,대전광역시 서구 복수동 705,36.297945,127.380978,대전광역시 서구청,서부경찰서,Y,1,2022-04-27
,어린이집,별나라어린이집,대전광역시 서구 계룡로354번길20,대전광역시 서구 갈마동 294-5,36.352729,127.367269,대전광역시 서구청,둔산경찰서,Y,1,2022-04-27
,어린이집,별나라어린이집,대전광역시 서구 계룡로354번길20,대전광역시 서구 갈마동 294-5,36.352729,127.367269,대전광역시 서구청,둔산경찰서,Y,1,2022-04-27
,어린이집,별나라어린이집,대전광역시 서구 계룡로354번길20,대전광역시 서구 갈마동 294-5,36.352729,127.367269,대전광역시 서구청,둔산경찰서,Y,1,2022-04-27
,어린이집,다원어린이집,대전광역시 서구 계백로1300번길 30,대전광역시 서구 정림동 123-21,36.307042,127.367473,대전광역시 서구청,둔산경찰서,Y,1,2022-04-27
,어린이집,다원어린이집,대전광역시 서구 계백로1300번길 30,대전광역시 서구 정림동 123-21,36.307042,127.367473,대전광역시 서구청,둔산경찰서,Y,1,2022-04-27
,어린이집,다원어린이집,대전광역시 서구 계백로1300번길 30,대전광역시 서구 정림동 123-21,36.307042,127.367473,대전광역시 서구청,둔산경찰서,Y,1,2022-04-27
,어린이집,예뻐뽀어린이집,대전광역시 서구 복수동로87번길 29-9,대전광역시 서구 복수동 904,36.296261,127.379241,대전광역시 서구청,서부경찰서,Y,1,2022-04-27
,어린이집,예뻐뽀어린이집,대전광역시 서구 복수동로87번길 29-9,대전광역시 서구 복수동 904,36.296261,127.379241,대전광역시 서구청,서부경찰서,Y,1,2022-04-27
,어린이집,예뻐뽀어린이집,대전광역시 서구 복수동로87번길 29-9,대전광역시 서구 복수동 904,36.296261,127.379241,대전광역시 서구청,서부경찰서,Y,1,2022-04-27
,초등학교,도안초등학교,대전광역시 서구 원도안로 200,대전광역시 서구 도안동 1497,36.32189788,127.3444736,대전광역시 서구청,둔산경찰서,N,0,2022-04-27
,초등학교,도안초등학교,대전광역시 서구 원도안로 200,대전광역시 서구 도안동 1497,36.32189788,127.3444736,대전광역시 서구청,둔산경찰서,N,0,2022-04-27
,초등학교,도안초등학교,대전광역시 서구 원도안로 200,대전광역시 서구 도안동 1497,36.32189788,127.3444736,대전광역시 서구청,둔산경찰서,N,0,2022-04-27
,어린이집,달이어린이집,대전광역시 서구 가장로 132,대전광역시 서구 가장동 48-25,36.33205303,127.3873591,대전광역시 서구청,서부경찰서,Y,1,2022-04-27
,어린이집,달이어린이집,대전광역시 서구 가장로 132,대전광역시 서구 가장동 48-25,36.33205303,127.3873591,대전광역시 서구청,서부경찰서,Y,1,2022-04-27
,어린이집,달이어린이집,대전광역시 서구 가장로 132,대전광역시 서구 가장동 48-25,36.33205303,127.3873591,대전광역시 서구청,서부경찰서,Y,1,2022-04-27
,어린이집,EBS하늘어린이집,대전광역시 서구 들말2길 55,대전광역시 서구 가장동 39-15,36.33012029,127.3839756,대전광역시 서구청,서부경찰서,Y,1,2022-04-27
,어린이집,EBS하늘어린이집,대전광역시 서구 들말2길 55,대전광역시 서구 가장동 39-15,36.33012029,127.3839756,대전광역시 서구청,서부경찰서,Y,1,2022-04-27
,어린이집,EBS하늘어린이집,대전광역시 서구 들말2길 55,대전광역시 서구 가장동 39-15,36.33012029,127.3839756,대전광역시 서구청,서부경찰서,Y,1,2022-04-27
,유치원,동산유치원,대전광역시 서구 계룡로394번길 9,대전광역시 서구 갈마동 343-55,36.35067281,127.3714226,대전광역시 서구청,둔산경찰서,Y,1,2022-04-27
,유치원,동산유치원,대전광역시 서구 계룡로394번길 9,대전광역시 서구 갈마동 343-55,36.35067281,127.3714226,대전광역시 서구청,둔산경찰서,Y,1,2022-04-27
,유치원,동산유치원,대전광역시 서구 계룡로394번길 9,대전광역시 서구 갈마동 343-55,36.35067281,127.3714226,대전광역시 서구청,둔산경찰서,Y,1,2022-04-27
,유치원,산새소리유치원,대전광역시 서구 갈마로183번길 41,,36.33960027,127.378026,대전광역시 서구청,둔산경찰서,Y,1,2022-04-27
,유치원,산새소리유치원,대전광역시 서구 갈마로183번길 41,,36.33960027,127.378026,대전광역시 서구청,둔산경찰서,Y,1,2022-04-27
,유치원,산새소리유치원,대전광역시 서구 갈마로183번길 41,,36.33960027,127.378026,대전광역시 서구청,둔산경찰서,Y,1,2022-04-27
,유치원,대자연유치원,대전광역시 서구 관저동 원앙마을2길 34,,36.294499,127.332929,대전광역시 서구청,서부경찰서,Y,1,2022-04-27
,유치원,대자연유치원,대전광역시 서구 관저동 원앙마을2길 34,,36.294499,127.332929,대전광역시 서구청,서부경찰서,Y,1,2022-04-27
,유치원,대자연유치원,대전광역시 서구 관저동 원앙마을2길 34,,36.294499,127.332929,대전광역시 서구청,서부경찰서,Y,1,2022-04-27
,유치원,우정유치원,대전광역시 서구 관저서로 47,대전광역시 서구 관저동 1167,36.29666823,127.3296542,대전광역시 서구청,서부경찰서,Y,1,2022-04-27
,유치원,우정유치원,대전광역시 서구 관저서로 47,대전광역시 서구 관저동 1167,36.29666823,127.3296542,대전광역시 서구청,서부경찰서,Y,1,2022-04-27
,유치원,우정유치원,대전광역시 서구 관저서로 47,대전광역시 서구 관저동 1167,36.29666823,127.3296542,대전광역시 서구청,서부경찰서,Y,1,2022-04-27
,유치원,밝은빛유치원,대전광역시 서구 가수원로65번길 44,대전광역시 서구 가수원동 641-36,36.29848127,127.3509035,대전광역시 서구청,서부경찰서,Y,1,2022-04-27
,유치원,밝은빛유치원,대전광역시 서구 가수원로65번길 44,대전광역시 서구 가수원동 641-36,36.29848127,127.3509035,대전광역시 서구청,서부경찰서,Y,1,2022-04-27
,유치원,밝은빛유치원,대전광역시 서구 가수원로65번길 44,대전광역시 서구 가수원동 641-36,36.29848127,127.3509035,대전광역시 서구청,서부경찰서,Y,1,2022-04-27
,유치원,나은유치원,대전광역시 서구 관저북로92,대전광역시 서구 관저동 984-1,36.30996365,127.3373001,대전광역시 서구청,서부경찰서,Y,1,2022-04-27
,유치원,나은유치원,대전광역시 서구 관저북로92,대전광역시 서구 관저동 984-1,36.30996365,127.3373001,대전광역시 서구청,서부경찰서,Y,1,2022-04-27
,유치원,나은유치원,대전광역시 서구 관저북로92,대전광역시 서구 관저동 984-1,36.30996365,127.3373001,대전광역시 서구청,서부경찰서,Y,1,2022-04-27
,유치원,나래유치원,대전광역시 서구 정림로 55,대전광역시 서구 정림동 704,36.30457173,127.3650811,대전광역시 서구청,서부경찰서,Y,1,2022-04-27
,유치원,나래유치원,대전광역시 서구 정림로 55,대전광역시 서구 정림동 704,36.30457173,127.3650811,대전광역시 서구청,서부경찰서,Y,1,2022-04-27
,유치원,나래유치원,대전광역시 서구 정림로 55,대전광역시 서구 정림동 704,36.30457173,127.3650811,대전광역시 서구청,서부경찰서,Y,1,2022-04-27
,유치원,구봉사랑유치원,대전광역시 서구 관저서로 70,대전광역시 서구 관저동 1167,36.2986714,127.3296973,대전광역시 서구청,서부경찰서,N,0,2022-04-27
,유치원,구봉사랑유치원,대전광역시 서구 관저서로 70,대전광역시 서구 관저동 1167,36.2986714,127.3296973,대전광역시 서구청,서부경찰서,N,0,2022-04-27
,유치원,구봉사랑유치원,대전광역시 서구 관저서로 70,대전광역시 서구 관저동 1167,36.2986714,127.3296973,대전광역시 서구청,서부경찰서,N,0,2022-04-27
,유치원,도담유치원,대전광역시 서구 정림서로138번길 21,,36.30033715,127.3637556,대전광역시 서구청,서부경찰서,N,0,2022-04-27
,유치원,도담유치원,대전광역시 서구 정림서로138번길 21,,36.30033715,127.3637556,대전광역시 서구청,서부경찰서,N,0,2022-04-27
,유치원,도담유치원,대전광역시 서구 정림서로138번길 21,,36.30033715,127.3637556,대전광역시 서구청,서부경찰서,N,0,2022-04-27
,유치원,혜천대부속유치원,대전광역시 서구 혜천로 100,대전광역시 서구 복수동 333,36.30178686,127.3757667,대전광역시 서구청,서부경찰서,N,0,2022-04-27
,유치원,혜천대부속유치원,대전광역시 서구 혜천로 100,대전광역시 서구 복수동 333,36.30178686,127.3757667,대전광역시 서구청,서부경찰서,N,0,2022-04-27
,유치원,혜천대부속유치원,대전광역시 서구 혜천로 100,대전광역시 서구 복수동 333,36.30178686,127.3757667,대전광역시 서구청,서부경찰서,N,0,2022-04-27
,유치원,맑은물유치원,대전광역시 서구 신갈마로 102,,36.34313615,127.3695732,대전광역시 서구청,둔산경찰서,Y,1,2022-04-27
,유치원,맑은물유치원,대전광역시 서구 신갈마로 102,,36.34313615,127.3695732,대전광역시 서구청,둔산경찰서,Y,1,2022-04-27
,유치원,맑은물유치원,대전광역시 서구 신갈마로 102,,36.34313615,127.3695732,대전광역시 서구청,둔산경찰서,Y,1,2022-04-27
,유치원,만년유치원,대전광역시 서구 만년남로11번길 50,대전광역시 서구 만년동 156,36.36641637,127.3739802,대전광역시 서구청,둔산경찰서,Y,1,2022-04-27
,유치원,만년유치원,대전광역시 서구 만년남로11번길 50,대전광역시 서구 만년동 156,36.36641637,127.3739802,대전광역시 서구청,둔산경찰서,Y,1,2022-04-27
,유치원,만년유치원,대전광역시 서구 만년남로11번길 50,대전광역시 서구 만년동 156,36.36641637,127.3739802,대전광역시 서구청,둔산경찰서,Y,1,2022-04-27
,유치원,녹원유치원,대전광역시 서구 둔산남로 30,,36.34842317,127.3813888,대전광역시 서구청,둔산경찰서,Y,1,2022-04-27
,유치원,녹원유치원,대전광역시 서구 둔산남로 30,,36.34842317,127.3813888,대전광역시 서구청,둔산경찰서,Y,1,2022-04-27
,유치원,녹원유치원,대전광역시 서구 둔산남로 30,,36.34842317,127.3813888,대전광역시 서구청,둔산경찰서,Y,1,2022-04-27
,유치원,은새유치원,대전광역시 서구 문정로90번길 60,,36.3457957,127.3879975,대전광역시 서구청,둔산경찰서,Y,1,2022-04-27
,유치원,은새유치원,대전광역시 서구 문정로90번길 60,,36.3457957,127.3879975,대전광역시 서구청,둔산경찰서,Y,1,2022-04-27
,유치원,은새유치원,대전광역시 서구 문정로90번길 60,,36.3457957,127.3879975,대전광역시 서구청,둔산경찰서,Y,1,2022-04-27
,어린이집,삼성어린이집,대전광역시 서구 용화5길 63,대전광역시 서구 도마동 44-3,36.321405,127.375542,대전광역시 서구청,서부경찰서,Y,1,2022-04-27
,어린이집,삼성어린이집,대전광역시 서구 용화5길 63,대전광역시 서구 도마동 44-3,36.321405,127.375542,대전광역시 서구청,서부경찰서,Y,1,2022-04-27
,어린이집,삼성어린이집,대전광역시 서구 용화5길 63,대전광역시 서구 도마동 44-3,36.321405,127.375542,대전광역시 서구청,서부경찰서,Y,1,2022-04-27
,어린이집,새싹어린이집,대전광역시 서구 용문로 113,,36.334418,127.393812,대전광역시 서구청,서부경찰서,Y,1,2022-04-27
,어린이집,새싹어린이집,대전광역시 서구 용문로 113,,36.334418,127.393812,대전광역시 서구청,서부경찰서,Y,1,2022-04-27
,어린이집,새싹어린이집,대전광역시 서구 용문로 113,,36.334418,127.393812,대전광역시 서구청,서부경찰서,Y,1,2022-04-27
,어린이집,서구그린어린이집,대전광역시 서구 갈마중로8번길 23,대전광역시 서구 갈마동 697,36.34659933,127.3705598,대전광역시 서구청,둔산경찰서,Y,1,2022-04-27
,어린이집,서구그린어린이집,대전광역시 서구 갈마중로8번길 23,대전광역시 서구 갈마동 697,36.34659933,127.3705598,대전광역시 서구청,둔산경찰서,Y,1,2022-04-27
,어린이집,서구그린어린이집,대전광역시 서구 갈마중로8번길 23,대전광역시 서구 갈마동 697,36.34659933,127.3705598,대전광역시 서구청,둔산경찰서,Y,1,2022-04-27
,어린이집,행복한어린이집,대전광역시 서구 오량4길 55,,36.309006,127.377565,대전광역시 서구청,서부경찰서,Y,1,2022-04-27
,어린이집,행복한어린이집,대전광역시 서구 오량4길 55,,36.309006,127.377565,대전광역시 서구청,서부경찰서,Y,1,2022-04-27
,어린이집,행복한어린이집,대전광역시 서구 오량4길 55,,36.309006,127.377565,대전광역시 서구청,서부경찰서,Y,1,2022-04-27
,어린이집,숲속나라 어린이집,대전광역시 서구 유등로 5,대전광역시 서구 복수동 984,36.29438194,127.3784786,대전광역시 서구청,서부경찰서,Y,1,2022-04-27
,어린이집,숲속나라 어린이집,대전광역시 서구 유등로 5,대전광역시 서구 복수동 984,36.29438194,127.3784786,대전광역시 서구청,서부경찰서,Y,1,2022-04-27
,어린이집,숲속나라 어린이집,대전광역시 서구 유등로 5,대전광역시 서구 복수동 984,36.29438194,127.3784786,대전광역시 서구청,서부경찰서,Y,1,2022-04-27
,어린이집,대전가원학교,대전광역시 서구 계백로 1095,,36.30445655,127.3458047,대전광역시 서구청,서부경찰서,Y,1,2022-04-27
,어린이집,대전가원학교,대전광역시 서구 계백로 1095,,36.30445655,127.3458047,대전광역시 서구청,서부경찰서,Y,1,2022-04-27
,어린이집,대전가원학교,대전광역시 서구 계백로 1095,,36.30445655,127.3458047,대전광역시 서구청,서부경찰서,Y,1,2022-04-27
,어린이집,대전숲 어린이집,대전광역시 서구 계백로776번길 115,대전광역시 서구 관저동 842-2,36.28461985,127.3225246,대전광역시 서구청,서부경찰서,Y,1,2022-04-27
,어린이집,대전숲 어린이집,대전광역시 서구 계백로776번길 115,대전광역시 서구 관저동 842-2,36.28461985,127.3225246,대전광역시 서구청,서부경찰서,Y,1,2022-04-27
,어린이집,대전숲 어린이집,대전광역시 서구 계백로776번길 115,대전광역시 서구 관저동 842-2,36.28461985,127.3225246,대전광역시 서구청,서부경찰서,Y,1,2022-04-27
,어린이집,등불어린이집,대전광역시 서구 탄방로 35,대전광역시 서구 탄방동 1444,36.34475231,127.3919232,대전광역시 서구청,둔산경찰서,Y,1,2022-04-27
,어린이집,등불어린이집,대전광역시 서구 탄방로 35,대전광역시 서구 탄방동 1444,36.34475231,127.3919232,대전광역시 서구청,둔산경찰서,Y,1,2022-04-27
,어린이집,등불어린이집,대전광역시 서구 탄방로 35,대전광역시 서구 탄방동 1444,36.34475231,127.3919232,대전광역시 서구청,둔산경찰서,Y,1,2022-04-27
,유치원,성균관숲유치원,대전광역시 서구 정림서로1번길 79,대전광역시 서구 정림동 65,36.28918814,127.3655615,대전광역시 서구청,서부경찰서,Y,1,2022-04-27
,유치원,성균관숲유치원,대전광역시 서구 정림서로1번길 79,대전광역시 서구 정림동 65,36.28918814,127.3655615,대전광역시 서구청,서부경찰서,Y,1,2022-04-27
,유치원,성균관숲유치원,대전광역시 서구 정림서로1번길 79,대전광역시 서구 정림동 65,36.28918814,127.3655615,대전광역시 서구청,서부경찰서,Y,1,2022-04-27
,어린이집,킨더드림어린이집,대전광역시 서구 정림로 24번길 83,대전광역시 서구 정림동 20-1,36.30371976,127.370344,대전광역시 서구청,서부경찰서,Y,1,2022-04-27
,어린이집,킨더드림어린이집,대전광역시 서구 정림로 24번길 83,대전광역시 서구 정림동 20-1,36.30371976,127.370344,대전광역시 서구청,서부경찰서,Y,1,2022-04-27
,어린이집,킨더드림어린이집,대전광역시 서구 정림로 24번길 83,대전광역시 서구 정림동 20-1,36.30371976,127.370344,대전광역시 서구청,서부경찰서,Y,1,2022-04-27
,초등학교,도솔초등학교,대전광역시 서구 원도안로 80,대전광역시 서구 도안동 1563,36.31121417,127.347478,대전광역시 서구청,서부경찰서,Y,1,2022-04-27
,초등학교,도솔초등학교,대전광역시 서구 원도안로 80,대전광역시 서구 도안동 1563,36.31121417,127.347478,대전광역시 서구청,서부경찰서,Y,1,2022-04-27
,초등학교,도솔초등학교,대전광역시 서구 원도안로 80,대전광역시 서구 도안동 1563,36.31121417,127.347478,대전광역시 서구청,서부경찰서,Y,1,2022-04-27
,어린이집,목련 어린이집,대전광역시 서구 신갈마로58-22,대전광역시 서구 내동 220-7,36.33961887,127.368107,대전광역시 서구청,서부경찰서,Y,1,2022-04-27
,어린이집,목련 어린이집,대전광역시 서구 신갈마로58-22,대전광역시 서구 내동 220-7,36.33961887,127.368107,대전광역시 서구청,서부경찰서,Y,1,2022-04-27
,어린이집,목련 어린이집,대전광역시 서구 신갈마로58-22,대전광역시 서구 내동 220-7,36.33961887,127.368107,대전광역시 서구청,서부경찰서,Y,1,2022-04-27
,어린이집,꾸러기 어린이집,대전광역시 서구 갈마로117번길 52,대전광역시 서구 갈마동 405-17,36.344449,127.370614,대전광역시 서구청,둔산경찰서,Y,1,2022-04-27
,어린이집,꾸러기 어린이집,대전광역시 서구 갈마로117번길 52,대전광역시 서구 갈마동 405-17,36.344449,127.370614,대전광역시 서구청,둔산경찰서,Y,1,2022-04-27
,어린이집,꾸러기 어린이집,대전광역시 서구 갈마로117번길 52,대전광역시 서구 갈마동 405-17,36.344449,127.370614,대전광역시 서구청,둔산경찰서,Y,1,2022-04-27
,어린이집,해누리 어린이집,대전광역시 서구 도산로321번길 18,대전광역시 서구 가장동 56-6,36.335533,127.386972,대전광역시 서구청,둔산경찰서,Y,1,2022-04-27
,어린이집,해누리 어린이집,대전광역시 서구 도산로321번길 18,대전광역시 서구 가장동 56-6,36.335533,127.386972,대전광역시 서구청,둔산경찰서,Y,1,2022-04-27
,어린이집,해누리 어린이집,대전광역시 서구 도산로321번길 18,대전광역시 서구 가장동 56-6,36.335533,127.386972,대전광역시 서구청,둔산경찰서,Y,1,2022-04-27
,유치원,꿈내리 유치원,대전광역시 서구 원도안로242번길 24,대전광역시 서구 도안동 1496,36.32415919,127.3462022,대전광역시 서구청,서부경찰서,N,0,2022-04-27
,유치원,꿈내리 유치원,대전광역시 서구 원도안로242번길 24,대전광역시 서구 도안동 1496,36.32415919,127.3462022,대전광역시 서구청,서부경찰서,N,0,2022-04-27
,유치원,꿈내리 유치원,대전광역시 서구 원도안로242번길 24,대전광역시 서구 도안동 1496,36.32415919,127.3462022,대전광역시 서구청,서부경찰서,N,0,2022-04-27
,어린이집,은아영재어린이집,대전광역시 서구 정림로 77번길51,대전광역시 서구 정림동 704,36.30602988,127.3630935,대전광역시 서구청,서부경찰서,N,0,2022-04-27
,어린이집,은아영재어린이집,대전광역시 서구 정림로 77번길51,대전광역시 서구 정림동 704,36.30602988,127.3630935,대전광역시 서구청,서부경찰서,N,0,2022-04-27
,어린이집,은아영재어린이집,대전광역시 서구 정림로 77번길51,대전광역시 서구 정림동 704,36.30602988,127.3630935,대전광역시 서구청,서부경찰서,N,0,2022-04-27
,어린이집,아이솔 어린이집,대전광역시 서구 도산로213번길 32,대전광역시 서구 변동 299,36.32821388,127.3779088,대전광역시 서구청,서부경찰서,N,0,2022-04-27
,어린이집,아이솔 어린이집,대전광역시 서구 도산로213번길 32,대전광역시 서구 변동 299,36.32821388,127.3779088,대전광역시 서구청,서부경찰서,N,0,2022-04-27
,어린이집,아이솔 어린이집,대전광역시 서구 도산로213번길 32,대전광역시 서구 변동 299,36.32821388,127.3779088,대전광역시 서구청,서부경찰서,N,0,2022-04-27
,유치원,갈마초교병설,대전광역시 서구 월평동로 2,,36.35591747,127.3689723,대전광역시 서구청,둔산경찰서,Y,3,2022-04-27
,유치원,갈마초교병설,대전광역시 서구 월평동로 2,,36.35591747,127.3689723,대전광역시 서구청,둔산경찰서,Y,3,2022-04-27
,유치원,갈마초교병설,대전광역시 서구 월평동로 2,,36.35591747,127.3689723,대전광역시 서구청,둔산경찰서,Y,3,2022-04-27
,유치원,봉산초교병설,대전광역시 서구 신갈마로141번길 45,,36.345201,127.3652656,대전광역시 서구청,둔산경찰서,Y,1,2022-04-27
,유치원,봉산초교병설,대전광역시 서구 신갈마로141번길 45,,36.345201,127.3652656,대전광역시 서구청,둔산경찰서,Y,1,2022-04-27
,유치원,봉산초교병설,대전광역시 서구 신갈마로141번길 45,,36.345201,127.3652656,대전광역시 서구청,둔산경찰서,Y,1,2022-04-27
,유치원,느리울초교병설,대전광역시 서구 관저로 196,대전광역시 서구 관저동 1506,36.29888649,127.344211,대전광역시 서구청,서부경찰서,Y,3,2022-04-27
,유치원,느리울초교병설,대전광역시 서구 관저로 196,대전광역시 서구 관저동 1506,36.29888649,127.344211,대전광역시 서구청,서부경찰서,Y,3,2022-04-27
,유치원,느리울초교병설,대전광역시 서구 관저로 196,대전광역시 서구 관저동 1506,36.29888649,127.344211,대전광역시 서구청,서부경찰서,Y,3,2022-04-27
,유치원,금동초교병설,대전광역시 서구 관저로 45,대전광역시 서구 관저동 1160,36.29821685,127.3263759,대전광역시 서구청,서부경찰서,N,0,2022-04-27
,유치원,금동초교병설,대전광역시 서구 관저로 45,대전광역시 서구 관저동 1160,36.29821685,127.3263759,대전광역시 서구청,서부경찰서,N,0,2022-04-27
,유치원,금동초교병설,대전광역시 서구 관저로 45,대전광역시 서구 관저동 1160,36.29821685,127.3263759,대전광역시 서구청,서부경찰서,N,0,2022-04-27
,유치원,선암초교병설,대전광역시 서구 관저중로 61,,36.297492,127.3340399,대전광역시 서구청,서부경찰서,N,0,2022-04-27
,유치원,선암초교병설,대전광역시 서구 관저중로 61,,36.297492,127.3340399,대전광역시 서구청,서부경찰서,N,0,2022-04-27
,유치원,선암초교병설,대전광역시 서구 관저중로 61,,36.297492,127.3340399,대전광역시 서구청,서부경찰서,N,0,2022-04-27
,유치원,원앙초교병설,대전광역시 서구 관저북로 97,대전광역시 서구 관저동 49,36.31153929,127.3371345,대전광역시 서구청,서부경찰서,Y,1,2022-04-27
,유치원,원앙초교병설,대전광역시 서구 관저북로 97,대전광역시 서구 관저동 49,36.31153929,127.3371345,대전광역시 서구청,서부경찰서,Y,1,2022-04-27
,유치원,원앙초교병설,대전광역시 서구 관저북로 97,대전광역시 서구 관저동 49,36.31153929,127.3371345,대전광역시 서구청,서부경찰서,Y,1,2022-04-27
,유치원,구봉초교병설,대전광역시 서구 관저로 75,대전광역시 서구 관저동 1133,36.299795,127.3300549,대전광역시 서구청,서부경찰서,Y,2,2022-04-27
,유치원,구봉초교병설,대전광역시 서구 관저로 75,대전광역시 서구 관저동 1133,36.299795,127.3300549,대전광역시 서구청,서부경찰서,Y,2,2022-04-27
,유치원,구봉초교병설,대전광역시 서구 관저로 75,대전광역시 서구 관저동 1133,36.299795,127.3300549,대전광역시 서구청,서부경찰서,Y,2,2022-04-27
,유치원,수미초교병설,대전광역시 서구 괴곡길 70,대전광역시 서구 괴곡동 372-3,36.29385348,127.360996,대전광역시 서구청,서부경찰서,Y,2,2022-04-27
,유치원,수미초교병설,대전광역시 서구 괴곡길 70,대전광역시 서구 괴곡동 372-3,36.29385348,127.360996,대전광역시 서구청,서부경찰서,Y,2,2022-04-27
,유치원,수미초교병설,대전광역시 서구 괴곡길 70,대전광역시 서구 괴곡동 372-3,36.29385348,127.360996,대전광역시 서구청,서부경찰서,Y,2,2022-04-27
,유치원,기성초교병설,대전광역시 서구 기성초교길 42,대전광역시 서구 매노동 662,36.24877151,127.337625,대전광역시 서구청,서부경찰서,Y,1,2022-04-27
,유치원,기성초교병설,대전광역시 서구 기성초교길 42,대전광역시 서구 매노동 662,36.24877151,127.337625,대전광역시 서구청,서부경찰서,Y,1,2022-04-27
,유치원,기성초교병설,대전광역시 서구 기성초교길 42,대전광역시 서구 매노동 662,36.24877151,127.337625,대전광역시 서구청,서부경찰서,Y,1,2022-04-27
,유치원,삼천초교병설,대전광역시 서구 둔산북로232-33,,36.35436795,127.4010169,대전광역시 서구청,둔산경찰서,Y,1,2022-04-27
,유치원,삼천초교병설,대전광역시 서구 둔산북로232-33,,36.35436795,127.4010169,대전광역시 서구청,둔산경찰서,Y,1,2022-04-27
,유치원,삼천초교병설,대전광역시 서구 둔산북로232-33,,36.35436795,127.4010169,대전광역시 서구청,둔산경찰서,Y,1,2022-04-27
,유치원,성천초교병설,대전광역시 서구 갈마역로 139,대전광역시 서구 월평동 221,36.3631445,127.3734829,대전광역시 서구청,둔산경찰서,Y,2,2022-04-27
,유치원,성천초교병설,대전광역시 서구 갈마역로 139,대전광역시 서구 월평동 221,36.3631445,127.3734829,대전광역시 서구청,둔산경찰서,Y,2,2022-04-27
,유치원,성천초교병설,대전광역시 서구 갈마역로 139,대전광역시 서구 월평동 221,36.3631445,127.3734829,대전광역시 서구청,둔산경찰서,Y,2,2022-04-27
,유치원,만년초교병설,대전광역시 서구 만년남로14,대전광역시 서구 만년동 280,36.36719119,127.3772193,대전광역시 서구청,둔산경찰서,Y,2,2022-04-27
,유치원,만년초교병설,대전광역시 서구 만년남로14,대전광역시 서구 만년동 280,36.36719119,127.3772193,대전광역시 서구청,둔산경찰서,Y,2,2022-04-27
,유치원,만년초교병설,대전광역시 서구 만년남로14,대전광역시 서구 만년동 280,36.36719119,127.3772193,대전광역시 서구청,둔산경찰서,Y,2,2022-04-27
,유치원,가수원초교병설,대전광역시 서구 벌곡로 1359,,36.30239524,127.3530012,대전광역시 서구청,둔산경찰서,Y,1,2022-04-27
,유치원,가수원초교병설,대전광역시 서구 벌곡로 1359,,36.30239524,127.3530012,대전광역시 서구청,둔산경찰서,Y,1,2022-04-27
,유치원,가수원초교병설,대전광역시 서구 벌곡로 1359,,36.30239524,127.3530012,대전광역시 서구청,둔산경찰서,Y,1,2022-04-27
,유치원,변동초교병설,대전광역시 서구 변동 233,,36.325346,127.380627,대전광역시 서구청,서부경찰서,Y,3,2022-04-27
,유치원,변동초교병설,대전광역시 서구 변동 233,,36.325346,127.380627,대전광역시 서구청,서부경찰서,Y,3,2022-04-27
,유치원,변동초교병설,대전광역시 서구 변동 233,,36.325346,127.380627,대전광역시 서구청,서부경찰서,Y,3,2022-04-27
,유치원,가장초교병설,대전광역시 서구 가장로 150,대전광역시 서구 가장동 196,36.33063833,127.3878688,대전광역시 서구청,서부경찰서,Y,3,2022-04-27
,유치원,가장초교병설,대전광역시 서구 가장로 150,대전광역시 서구 가장동 196,36.33063833,127.3878688,대전광역시 서구청,서부경찰서,Y,3,2022-04-27
,유치원,가장초교병설,대전광역시 서구 가장로 150,대전광역시 서구 가장동 196,36.33063833,127.3878688,대전광역시 서구청,서부경찰서,Y,3,2022-04-27
,유치원,샘머리초교병설,대전광역시 서구 유등로 879,,36.36339827,127.3932548,대전광역시 서구청,둔산경찰서,Y,1,2022-04-27
,유치원,샘머리초교병설,대전광역시 서구 유등로 879,,36.36339827,127.3932548,대전광역시 서구청,둔산경찰서,Y,1,2022-04-27
,유치원,샘머리초교병설,대전광역시 서구 유등로 879,,36.36339827,127.3932548,대전광역시 서구청,둔산경찰서,Y,1,2022-04-27
,유치원,도마초교병설,대전광역시 서구 도마1동 27,대전광역시 서구 도마동 27,36.32382273,127.3712343,대전광역시 서구청,서부경찰서,Y,1,2022-04-27
,유치원,도마초교병설,대전광역시 서구 도마1동 27,대전광역시 서구 도마동 27,36.32382273,127.3712343,대전광역시 서구청,서부경찰서,Y,1,2022-04-27
,유치원,도마초교병설,대전광역시 서구 도마1동 27,대전광역시 서구 도마동 27,36.32382273,127.3712343,대전광역시 서구청,서부경찰서,Y,1,2022-04-27
,유치원,신계초교병설,대전광역시 서구 복수동로 26,,36.30192935,127.378058,대전광역시 서구청,서부경찰서,Y,2,2022-04-27
,유치원,신계초교병설,대전광역시 서구 복수동로 26,,36.30192935,127.378058,대전광역시 서구청,서부경찰서,Y,2,2022-04-27
,유치원,신계초교병설,대전광역시 서구 복수동로 26,,36.30192935,127.378058,대전광역시 서구청,서부경찰서,Y,2,2022-04-27
,유치원,내동초교병설,대전광역시 서구 동서대로1063번길13,,36.33114544,127.379264,대전광역시 서구청,서부경찰서,Y,2,2022-04-27
,유치원,내동초교병설,대전광역시 서구 동서대로1063번길13,,36.33114544,127.379264,대전광역시 서구청,서부경찰서,Y,2,2022-04-27
,유치원,내동초교병설,대전광역시 서구 동서대로1063번길13,,36.33114544,127.379264,대전광역시 서구청,서부경찰서,Y,2,2022-04-27
,유치원,월평초교병설,대전광역시 서구 월평서로22,대전광역시 서구 월평동 314,36.35594263,127.3577698,대전광역시 서구청,둔산경찰서,Y,1,2022-04-27
,유치원,월평초교병설,대전광역시 서구 월평서로22,대전광역시 서구 월평동 314,36.35594263,127.3577698,대전광역시 서구청,둔산경찰서,Y,1,2022-04-27
,유치원,월평초교병설,대전광역시 서구 월평서로22,대전광역시 서구 월평동 314,36.35594263,127.3577698,대전광역시 서구청,둔산경찰서,Y,1,2022-04-27
,유치원,유천초교병설,대전광역시 서구 제비네6길 69,대전광역시 서구 도마동 149-1,36.31523853,127.3755926,대전광역시 서구청,서부경찰서,Y,2,2022-04-27
,유치원,유천초교병설,대전광역시 서구 제비네6길 69,대전광역시 서구 도마동 149-1,36.31523853,127.3755926,대전광역시 서구청,서부경찰서,Y,2,2022-04-27
,유치원,유천초교병설,대전광역시 서구 제비네6길 69,대전광역시 서구 도마동 149-1,36.31523853,127.3755926,대전광역시 서구청,서부경찰서,Y,2,2022-04-27
,어린이집,깨금발어린이집,대전광역시 서구 도솔로 305번길 72,,36.338201,127.3792318,대전광역시 서구청,서부경찰서,N,0,2022-04-27
,어린이집,깨금발어린이집,대전광역시 서구 도솔로 305번길 72,,36.338201,127.3792318,대전광역시 서구청,서부경찰서,N,0,2022-04-27
,어린이집,깨금발어린이집,대전광역시 서구 도솔로 305번길 72,,36.338201,127.3792318,대전광역시 서구청,서부경찰서,N,0,2022-04-27
,어린이집,대전아이사랑어린이집,대전광역시 서구 계룡로 326번길 147,대전광역시 서구 갈마동 368-15,36.347509,127.365799,대전광역시 서구청,둔산경찰서,N,0,2022-04-27
,어린이집,대전아이사랑어린이집,대전광역시 서구 계룡로 326번길 147,대전광역시 서구 갈마동 368-15,36.347509,127.365799,대전광역시 서구청,둔산경찰서,N,0,2022-04-27
,어린이집,대전아이사랑어린이집,대전광역시 서구 계룡로 326번길 147,대전광역시 서구 갈마동 368-15,36.347509,127.365799,대전광역시 서구청,둔산경찰서,N,0,2022-04-27
,어린이집,꾸러기 어린이집,대전광역시 서구 갈마로 117번길 52,대전광역시 서구 갈마동 405-17,36.344449,127.370614,대전광역시 서구청,둔산경찰서,Y,1,2022-04-27
,어린이집,꾸러기 어린이집,대전광역시 서구 갈마로 117번길 52,대전광역시 서구 갈마동 405-17,36.344449,127.370614,대전광역시 서구청,둔산경찰서,Y,1,2022-04-27
,어린이집,꾸러기 어린이집,대전광역시 서구 갈마로 117번길 52,대전광역시 서구 갈마동 405-17,36.344449,127.370614,대전광역시 서구청,둔산경찰서,Y,1,2022-04-27
,어린이집,예솔어린이집,대전광역시 서구 계룡로 509번길 31,대전광역시 서구 탄방동 616,36.34541408,127.382237,대전광역시 서구청,둔산경찰서,N,0,2022-04-27
,어린이집,예솔어린이집,대전광역시 서구 계룡로 509번길 31,대전광역시 서구 탄방동 616,36.34541408,127.382237,대전광역시 서구청,둔산경찰서,N,0,2022-04-27
,어린이집,예솔어린이집,대전광역시 서구 계룡로 509번길 31,대전광역시 서구 탄방동 616,36.34541408,127.382237,대전광역시 서구청,둔산경찰서,N,0,2022-04-27
,어린이집,사과나무어린이집,대전광역시 서구 괴정로 149번길 47,대전광역시 서구 용문동 270,36.33702049,127.3899659,대전광역시 서구청,서부경찰서,N,0,2022-04-27
,어린이집,사과나무어린이집,대전광역시 서구 괴정로 149번길 47,대전광역시 서구 용문동 270,36.33702049,127.3899659,대전광역시 서구청,서부경찰서,N,0,2022-04-27
,어린이집,사과나무어린이집,대전광역시 서구 괴정로 149번길 47,대전광역시 서구 용문동 270,36.33702049,127.3899659,대전광역시 서구청,서부경찰서,N,0,2022-04-27
,어린이집,흑석어린이집,대전광역시 서구 조련길 67,,36.252355,127.345131,대전광역시 서구청,서부경찰서,Y,1,2022-04-27
,어린이집,흑석어린이집,대전광역시 서구 조련길 67,,36.252355,127.345131,대전광역시 서구청,서부경찰서,Y,1,2022-04-27
,어린이집,흑석어린이집,대전광역시 서구 조련길 67,,36.252355,127.345131,대전광역시 서구청,서부경찰서,Y,1,2022-04-27
,어린이집,칭찬나라어린이집,대전광역시 서구 도솔로 328번길 91,대전광역시 서구 가장동 57-7,36.334728,127.387149,대전광역시 서구청,서부경찰서,N,0,2022-04-27
,어린이집,칭찬나라어린이집,대전광역시 서구 도솔로 328번길 91,대전광역시 서구 가장동 57-7,36.334728,127.387149,대전광역시 서구청,서부경찰서,N,0,2022-04-27
,어린이집,칭찬나라어린이집,대전광역시 서구 도솔로 328번길 91,대전광역시 서구 가장동 57-7,36.334728,127.387149,대전광역시 서구청,서부경찰서,N,0,2022-04-27
,어린이집,내동어린이집,대전광역시 서구 도산로 253번길 90,대전광역시 서구 내동 18-38,36.332924,127.379147,대전광역시 서구청,서부경찰서,N,0,2022-04-27
,어린이집,내동어린이집,대전광역시 서구 도산로 253번길 90,대전광역시 서구 내동 18-38,36.332924,127.379147,대전광역시 서구청,서부경찰서,N,0,2022-04-27
,어린이집,내동어린이집,대전광역시 서구 도산로 253번길 90,대전광역시 서구 내동 18-38,36.332924,127.379147,대전광역시 서구청,서부경찰서,N,0,2022-04-27
,어린이집,시우어린이집,대전광역시 서구 괴정로 98,,36.338503,127.383805,대전광역시 서구청,서부경찰서,N,0,2022-04-27
,어린이집,시우어린이집,대전광역시 서구 괴정로 98,,36.338503,127.383805,대전광역시 서구청,서부경찰서,N,0,2022-04-27
,어린이집,시우어린이집,대전광역시 서구 괴정로 98,,36.338503,127.383805,대전광역시 서구청,서부경찰서,N,0,2022-04-27
,어린이집,정원어린이집,대전광역시 서구 가장로 66,대전광역시 서구 괴정동 95-11,36.336514,127.382244,대전광역시 서구청,서부경찰서,N,0,2022-04-27
,어린이집,정원어린이집,대전광역시 서구 가장로 66,대전광역시 서구 괴정동 95-11,36.336514,127.382244,대전광역시 서구청,서부경찰서,N,0,2022-04-27
,어린이집,정원어린이집,대전광역시 서구 가장로 66,대전광역시 서구 괴정동 95-11,36.336514,127.382244,대전광역시 서구청,서부경찰서,N,0,2022-04-27
,어린이집,한솥어린이집,대전광역시 서구 도산로 253번길 25-6,,36.330659,127.381422,대전광역시 서구청,서부경찰서,N,0,2022-04-27
,어린이집,한솥어린이집,대전광역시 서구 도산로 253번길 25-6,,36.330659,127.381422,대전광역시 서구청,서부경찰서,N,0,2022-04-27
,어린이집,한솥어린이집,대전광역시 서구 도산로 253번길 25-6,,36.330659,127.381422,대전광역시 서구청,서부경찰서,N,0,2022-04-27
,어린이집,정금어린이집,대전광역시 서구 갈마중로 38번길 20,,36.346713,127.373173,대전광역시 서구청,둔산경찰서,N,0,2022-04-27
,어린이집,정금어린이집,대전광역시 서구 갈마중로 38번길 20,,36.346713,127.373173,대전광역시 서구청,둔산경찰서,N,0,2022-04-27
,어린이집,정금어린이집,대전광역시 서구 갈마중로 38번길 20,,36.346713,127.373173,대전광역시 서구청,둔산경찰서,N,0,2022-04-27
,어린이집,하늘빛어린이집,대전광역시 서구 가수원중로 57번길 56,대전광역시 서구 가수원동 829,36.29800546,127.3534071,대전광역시 서구청,서부경찰서,N,0,2022-04-27
,어린이집,하늘빛어린이집,대전광역시 서구 가수원중로 57번길 56,대전광역시 서구 가수원동 829,36.29800546,127.3534071,대전광역시 서구청,서부경찰서,N,0,2022-04-27
,어린이집,하늘빛어린이집,대전광역시 서구 가수원중로 57번길 56,대전광역시 서구 가수원동 829,36.29800546,127.3534071,대전광역시 서구청,서부경찰서,N,0,2022-04-27
,유치원,열린교실유치원,대전광역시 서구 중반3길 49,대전광역시 서구 변동 10-2,36.326342,127.382479,대전광역시 서구청,서부경찰서,N,0,2022-04-27
,유치원,열린교실유치원,대전광역시 서구 중반3길 49,대전광역시 서구 변동 10-2,36.326342,127.382479,대전광역시 서구청,서부경찰서,N,0,2022-04-27
,유치원,열린교실유치원,대전광역시 서구 중반3길 49,대전광역시 서구 변동 10-2,36.326342,127.382479,대전광역시 서구청,서부경찰서,N,0,2022-04-27
,어린이집,라온어린이집,대전광역시 서구 가수원중로 49번길 33,대전광역시 서구 가수원동 797-12,36.299653,127.353797,대전광역시 서구청,서부경찰서,N,0,2022-04-27
,어린이집,라온어린이집,대전광역시 서구 가수원중로 49번길 33,대전광역시 서구 가수원동 797-12,36.299653,127.353797,대전광역시 서구청,서부경찰서,N,0,2022-04-27
,어린이집,라온어린이집,대전광역시 서구 가수원중로 49번길 33,대전광역시 서구 가수원동 797-12,36.299653,127.353797,대전광역시 서구청,서부경찰서,N,0,2022-04-27
,어린이집,대전지방경찰청어린이집,대전광역시 서구 둔산중로 77,,36.35475598,127.3860811,대전광역시 서구청,둔산경찰서,N,0,2022-04-27
,어린이집,대전지방경찰청어린이집,대전광역시 서구 둔산중로 77,,36.35475598,127.3860811,대전광역시 서구청,둔산경찰서,N,0,2022-04-27
,어린이집,대전지방경찰청어린이집,대전광역시 서구 둔산중로 77,,36.35475598,127.3860811,대전광역시 서구청,둔산경찰서,N,0,2022-04-27
,어린이집,아이월드어린이집,대전광역시 서구 신갈마로 155번길 33,대전광역시 서구 갈마동 375-23,36.347305,127.3664188,대전광역시 서구청,서부경찰서,N,0,2022-04-27
,어린이집,아이월드어린이집,대전광역시 서구 신갈마로 155번길 33,대전광역시 서구 갈마동 375-23,36.347305,127.3664188,대전광역시 서구청,서부경찰서,N,0,2022-04-27
,어린이집,아이월드어린이집,대전광역시 서구 신갈마로 155번길 33,대전광역시 서구 갈마동 375-23,36.347305,127.3664188,대전광역시 서구청,서부경찰서,N,0,2022-04-27
,어린이집,반지어린이집,대전광역시 서구 계룡로 379-25,대전광역시 서구 갈마동 266-25,36.353112,127.3713465,대전광역시 서구청,서부경찰서,N,0,2022-04-27
,어린이집,반지어린이집,대전광역시 서구 계룡로 379-25,대전광역시 서구 갈마동 266-25,36.353112,127.3713465,대전광역시 서구청,서부경찰서,N,0,2022-04-27
,어린이집,반지어린이집,대전광역시 서구 계룡로 379-25,대전광역시 서구 갈마동 266-25,36.353112,127.3713465,대전광역시 서구청,서부경찰서,N,0,2022-04-27
,유치원,프렌즈유치원,대전광역시 서구 원도안로 25번길 97,대전광역시 서구 가수원동 1344,36.30902629,127.3473222,대전광역시 서구청,서부경찰서,N,0,2022-04-27
,유치원,프렌즈유치원,대전광역시 서구 원도안로 25번길 97,대전광역시 서구 가수원동 1344,36.30902629,127.3473222,대전광역시 서구청,서부경찰서,N,0,2022-04-27
,유치원,프렌즈유치원,대전광역시 서구 원도안로 25번길 97,대전광역시 서구 가수원동 1344,36.30902629,127.3473222,대전광역시 서구청,서부경찰서,N,0,2022-04-27
,유치원,펀키즈유치원,대전광역시 서구 도안동로 77,대전광역시 서구 가수원동 1344,36.31130216,127.3484882,대전광역시 서구청,서부경찰서,N,0,2022-04-27
,유치원,펀키즈유치원,대전광역시 서구 도안동로 77,대전광역시 서구 가수원동 1344,36.31130216,127.3484882,대전광역시 서구청,서부경찰서,N,0,2022-04-27
,유치원,펀키즈유치원,대전광역시 서구 도안동로 77,대전광역시 서구 가수원동 1344,36.31130216,127.3484882,대전광역시 서구청,서부경찰서,N,0,2022-04-27
,초등학교,선유초등학교,대전광역시 서구 관저남로 60,,36.29495039,127.3409491,대전광역시 서구청,서부경찰서,N,0,2022-04-27
,초등학교,선유초등학교,대전광역시 서구 관저남로 60,,36.29495039,127.3409491,대전광역시 서구청,서부경찰서,N,0,2022-04-27
,초등학교,선유초등학교,대전광역시 서구 관저남로 60,,36.29495039,127.3409491,대전광역시 서구청,서부경찰서,N,0,2022-04-27
,어린이집,새봄어린이집,대전광역시 서구 계룡로 662번길 48,대전광역시 서구 용문동 264,36.33550985,127.3929153,대전광역시 서구청,서부경찰서,N,0,2022-04-27
,어린이집,새봄어린이집,대전광역시 서구 계룡로 662번길 48,대전광역시 서구 용문동 264,36.33550985,127.3929153,대전광역시 서구청,서부경찰서,N,0,2022-04-27
,어린이집,새봄어린이집,대전광역시 서구 계룡로 662번길 48,대전광역시 서구 용문동 264,36.33550985,127.3929153,대전광역시 서구청,서부경찰서,N,0,2022-04-27
,어린이집,월평꿈나무어린이집,대전광역시 서구 월평로13번길 22,대전광역시 서구 월평동 360,36.3563662,127.3584079,대전광역시 서구청,둔산경찰서,N,0,2022-04-27
,어린이집,월평꿈나무어린이집,대전광역시 서구 월평로13번길 22,대전광역시 서구 월평동 360,36.3563662,127.3584079,대전광역시 서구청,둔산경찰서,N,0,2022-04-27
,어린이집,월평꿈나무어린이집,대전광역시 서구 월평로13번길 22,대전광역시 서구 월평동 360,36.3563662,127.3584079,대전광역시 서구청,둔산경찰서,N,0,2022-04-27
,학원,양영학원,대전광역시 서구 둔산로 136,,36.350967,127.3889893,대전광역시 서구청,둔산경찰서,N,0,2022-04-27
,학원,양영학원,대전광역시 서구 둔산로 136,,36.350967,127.3889893,대전광역시 서구청,둔산경찰서,N,0,2022-04-27
,학원,양영학원,대전광역시 서구 둔산로 136,,36.350967,127.3889893,대전광역시 서구청,둔산경찰서,N,0,2022-04-27
